nome,telefone,email,data_nascimento
Brenda Alves,(92)91494-2603,samuel32@example.net,1952-03-08
Ísis Borges,(14)99952-9223,bandrade@example.org,1960-02-02
Thiago Pereira,(46)93286-8828,novaismiguel@example.net,1989-06-07
Dra. Mariah Câmara,(39)91872-8463,rpastor@example.org,1996-11-05
Otávio Fernandes,(24)99082-5067,leonardo35@example.org,1951-07-10
Aylla Fogaça,(80)91166-8732,vinicius07@example.net,1953-09-14
Anna Liz Novaes,(86)95662-9388,eloa93@example.net,1949-12-10
Ian Vargas,(15)90399-9315,emanuel31@example.com,1964-02-16
Maria Clara Castro,(22)92934-5092,daniela34@example.net,1991-09-22
Ana Sophia Pereira,(40)96782-7638,sophiesiqueira@example.org,1956-04-30
Maria Helena da Mata,(88)90356-1597,ayllavargas@example.org,1960-10-18
Levi Guerra,(82)92668-7537,davi-lucca39@example.net,1966-08-16
Theo Gonçalves,(94)99413-0244,qcasa-grande@example.org,1961-12-28
Dra. Zoe da Luz,(80)95630-6997,zpacheco@example.com,1960-02-19
Thomas Monteiro,(39)96029-1817,sacalebe@example.org,1955-08-11
Eduarda Vieira,(86)93733-8124,epeixoto@example.com,1971-03-07
Nina Moura,(11)92142-9110,antonio18@example.com,1997-07-06
Manuela Camargo,(65)94566-7651,luara27@example.org,1994-05-07
Sra. Sarah Teixeira,(46)92086-8105,nataliacaldeira@example.net,1965-07-08
Sofia Pereira,(38)94517-6955,leandrofreitas@example.org,1981-11-30
Agatha Peixoto,(24)91244-8136,mariana01@example.com,2005-01-02
Isaque Araújo,(59)91298-1052,emanuelbarros@example.net,1978-04-13
Vitor Vargas,(56)94616-4955,jose-miguelribeiro@example.com,1982-08-16
João Moura,(88)93550-3389,icunha@example.net,1992-02-26
Leonardo Guerra,(16)99794-2942,luna87@example.org,1962-01-29
Benício Fernandes,(69)97197-1316,pastorraul@example.net,1960-03-12
Brayan Santos,(26)95080-6024,da-conceicaodavi-luiz@example.org,2003-09-16
Sr. Théo da Costa,(21)97409-3639,maria-vitoria38@example.org,1994-06-08
Olívia da Cruz,(48)98437-4605,mjesus@example.org,1951-10-22
Marina Fogaça,(90)94853-7831,djesus@example.net,1948-11-23
Beatriz Araújo,(84)92580-8537,vsiqueira@example.org,1962-02-17
Gabriel Nascimento,(19)90615-0444,bcarvalho@example.org,1964-03-01
Isadora Barbosa,(95)93058-7988,gnovaes@example.org,1989-08-03
Alice Borges,(48)91070-9497,lucas-gabrieljesus@example.com,1977-12-19
Murilo Araújo,(40)91355-6182,gabriellyabreu@example.com,1963-04-04
Laura Lima,(59)93730-8985,mcassiano@example.com,1960-01-09
Vitor Hugo Araújo,(69)98532-0121,danilo09@example.com,1979-06-06
Eduarda Araújo,(57)92183-1063,cirinodavi-miguel@example.net,1949-11-01
Isabela Guerra,(58)94768-3626,nunesthales@example.net,1985-08-31
Bruno Leão,(37)98994-9389,vicente35@example.org,1963-04-14
Caroline Rios,(45)99419-6727,maria-cecilia51@example.org,1976-05-24
Beatriz Barbosa,(98)98697-7837,nataliada-luz@example.org,1968-12-16
Joaquim Freitas,(20)98175-6179,levi78@example.net,1965-10-18
Vitória Albuquerque,(92)92296-9840,gustavo-henrique24@example.org,2005-10-02
Yuri Cassiano,(79)99786-1742,alexia93@example.net,1968-07-17
João Montenegro,(42)92193-1511,dda-cunha@example.org,1988-05-16
Kamilly Aparecida,(70)95092-9647,fariasjose-pedro@example.net,1963-01-13
Pedro Miguel Novaes,(45)98589-9313,anovais@example.org,1950-05-01
Srta. Ísis Andrade,(99)97475-2529,juan62@example.org,1966-03-09
Sr. Luiz Henrique Costela,(39)99188-7369,gustavofogaca@example.net,2005-05-17
Daniela da Costa,(52)90750-7864,luiz-gustavojesus@example.org,1957-06-01
Sra. Maria Sophia Rios,(40)90430-8421,vitorcastro@example.net,1952-07-25
Ana Carolina Melo,(51)95384-3426,murilomarques@example.com,1965-12-23
Henry Gabriel Alves,(45)90888-3684,isabellyfarias@example.com,2004-01-11
João Lucas Ferreira,(38)97612-5617,irocha@example.com,1947-02-02
José Pedro Cavalcanti,(51)92853-8251,breno19@example.com,1968-09-25
Sra. Maya Pereira,(94)96700-5685,gomesmateus@example.com,1948-03-25
Sra. Agatha Moreira,(61)98628-2117,emanuellalopes@example.org,1990-05-30
Dr. Davi Silveira,(69)91917-5900,natalia46@example.com,1972-08-04
Sra. Carolina Correia,(44)91874-0864,yrios@example.net,1996-02-13
Kevin Guerra,(42)99999-0728,da-rosaallana@example.org,1974-06-18
Luna Martins,(82)97234-0307,rmacedo@example.org,1979-12-30
Eloá Ribeiro,(44)97846-1803,da-pazolivia@example.net,1988-04-12
Lívia Borges,(65)97832-0463,ana-luizacamara@example.org,1955-03-28
Augusto da Cruz,(62)94858-6340,xpimenta@example.org,1976-03-14
Evelyn Silva,(39)91856-6572,zmonteiro@example.org,1955-04-02
Alana Sá,(76)96623-8574,vasconceloslais@example.org,1957-03-06
Dra. Nicole Aragão,(22)90632-3852,joaquimmarques@example.org,1999-09-30
Vitória Novais,(25)92051-4014,luisa98@example.com,2001-09-23
Melissa Castro,(91)92147-2420,qmachado@example.org,2002-05-12
Kamilly Vargas,(98)95666-1351,ppires@example.com,1975-02-22
João Pedro da Costa,(87)90852-6544,bruna58@example.org,1954-08-17
Igor Gomes,(60)95122-0073,pauloazevedo@example.com,1972-12-11
Dr. Oliver Araújo,(87)96282-0592,lauragomes@example.net,1992-07-16
Mateus Mendes,(78)93374-4231,fogacaana-cecilia@example.com,2003-04-15
Zoe Souza,(81)90154-0956,mariahcamara@example.com,1974-11-13
Ana Gomes,(98)99673-3645,jade27@example.org,1987-07-22
Amanda Gonçalves,(25)99149-7616,barrosliz@example.org,2004-03-13
Emilly Aragão,(79)93581-2670,gabrielly53@example.com,1967-06-14
Dr. João Lucas Sá,(93)94565-7579,fda-cunha@example.com,1946-07-12
Dra. Ana Júlia Ferreira,(25)93939-2920,davi-miguelvasconcelos@example.net,1947-12-13
Josué Costa,(66)92122-7574,pintoleandro@example.org,1953-10-19
Bruna Nunes,(69)90043-5578,maria-florsampaio@example.com,1997-05-25
Sr. Danilo Vasconcelos,(44)96718-7530,ana-liviacaldeira@example.net,1946-12-16
Marcos Vinicius Gonçalves,(33)96813-9880,dompastor@example.net,2001-09-23
Isabelly Caldeira,(24)98392-6371,isaque90@example.com,1981-06-18
Maria Eduarda Azevedo,(49)98575-8349,apollo67@example.org,1974-09-17
Dr. Eduardo Lopes,(75)98173-4598,rebecarezende@example.com,1987-02-14
Rafaela Martins,(36)92051-3739,lsiqueira@example.com,1967-02-21
Caio da Mota,(58)92168-2744,wda-cruz@example.com,1983-12-27
Maria Helena Fernandes,(80)97118-2864,monteiroaylla@example.org,1978-05-22
Luiz Gustavo da Luz,(11)98038-8981,alana94@example.net,1945-11-25
Esther Barros,(52)96557-9548,joanamendonca@example.net,1996-10-20
Renan Ramos,(13)91501-4631,ymachado@example.org,1951-07-17
Henry Guerra,(57)94127-3847,ana-lauraribeiro@example.net,1970-04-28
Vitória Ferreira,(41)90777-4584,jsouza@example.com,1969-02-24
Sra. Júlia das Neves,(41)97614-9359,ravi13@example.com,1953-05-06
Dra. Ester Correia,(21)91149-6211,maria-sophiada-mota@example.net,1985-05-01
Larissa Brito,(73)90928-9546,ana-carolinada-conceicao@example.com,1957-06-03
Anthony Gabriel Santos,(79)91687-9290,yanaparecida@example.org,1982-11-12
Davi Lucas Porto,(27)98855-0256,acaldeira@example.net,1964-07-23
Pietra Macedo,(71)97379-3389,leo04@example.com,1952-12-21
Murilo Mendonça,(32)93557-5298,oliveiracaue@example.org,1955-05-13
Liz Barros,(78)98141-5657,isaacnovais@example.com,1986-06-21
Heloisa Vasconcelos,(65)92842-7073,cmachado@example.com,2003-09-29
Mariane das Neves,(80)99796-9689,pimentagael-henrique@example.org,1987-10-11
João Ribeiro,(99)92699-8038,castrorhavi@example.org,1982-10-09
Emanuel Abreu,(50)95355-1839,smachado@example.net,1977-03-09
Arthur Gabriel da Conceição,(96)98722-5156,alexia71@example.net,1961-02-03
Gael Henrique Lima,(58)95880-0797,nogueirarael@example.net,1955-05-08
Diego Barbosa,(77)96059-7444,cavalcanteana-liz@example.net,1996-03-05
Laura Macedo,(26)93327-3328,martinsana-julia@example.net,1972-08-07
Theodoro Nogueira,(39)90859-3410,fmacedo@example.net,1947-12-03
Luna Pereira,(54)90282-3170,benjamim13@example.net,2002-02-04
Alícia Teixeira,(86)97434-6088,bruno27@example.net,1989-07-18
Lara Cirino,(40)97897-9095,fporto@example.org,1977-03-12
Dr. Lucas Gabriel Duarte,(39)90096-5138,castrobella@example.com,1992-05-31
Laura Ribeiro,(20)99500-4803,jteixeira@example.org,1976-02-28
Levi da Cunha,(91)90790-1903,igor68@example.org,1989-12-18
Nicole Jesus,(40)90904-6318,correiarafaela@example.com,1987-07-31
Melina Teixeira,(15)94434-9361,costelavitor@example.net,1954-02-15
Pedro Lucas Sampaio,(20)96900-8866,bcampos@example.net,1986-08-23
Emanuel das Neves,(41)93737-6585,novaesjoana@example.org,1960-07-01
Ravi Campos,(96)96515-1231,melinasilva@example.com,1979-11-03
Sra. Maria Vitória Mendes,(38)97237-4753,dda-cruz@example.net,1955-01-20
Esther Peixoto,(27)99708-6737,davi-miguelda-mota@example.com,1968-05-03
Juliana Abreu,(84)97733-7818,ana-cecilia99@example.net,1978-07-13
Pietro Nascimento,(71)93261-4537,vferreira@example.net,1997-02-14
Maria Flor Marques,(71)95463-4663,marcos-vinicius39@example.com,1961-02-07
Ana Clara Dias,(35)91266-0194,zsantos@example.com,1971-06-26
Clarice Monteiro,(23)98844-7167,cardosomilena@example.net,1967-10-20
Pedro Lucas Brito,(66)94755-3014,ualbuquerque@example.org,1973-02-09
Daniela Barbosa,(65)95517-7213,qviana@example.com,1987-08-16
Sra. Anna Liz Farias,(70)99785-4904,odias@example.net,2005-08-07
Ágatha Andrade,(17)99037-7459,da-costaalicia@example.org,1996-01-10
Pedro Henrique Brito,(94)98672-8778,macedolucas-gabriel@example.net,1965-08-03
Augusto Duarte,(23)90813-5295,da-rochaelisa@example.com,1974-07-08
Joaquim Moura,(62)99773-9173,rnunes@example.org,1956-10-10
Bruno Pimenta,(54)91466-5841,rpinto@example.org,1979-01-28
Cecília da Conceição,(42)92571-4784,qporto@example.com,1962-08-02
Alexia Martins,(35)97197-9055,zoe21@example.com,1968-09-22
Letícia Porto,(68)91881-4949,qsales@example.com,2002-09-25
Gael Henrique Gomes,(65)92462-7347,pcaldeira@example.com,1984-02-17
Dr. Juan Almeida,(46)96209-2888,ada-mota@example.net,2004-01-29
Ana Julia Pereira,(42)91011-7988,xda-paz@example.org,1986-07-09
Sr. Gabriel Pinto,(67)97386-3413,joao-guilherme10@example.com,1998-11-16
Ana Beatriz Pacheco,(23)90678-9850,joao14@example.com,1996-01-28
Emanuella Costa,(94)97255-6484,valentinafonseca@example.net,1979-05-11
Enzo da Cunha,(12)91251-7517,vda-rocha@example.com,1999-12-09
Ravi Lucca Barbosa,(41)92232-1899,raelrocha@example.net,1991-02-07
Maria Clara Borges,(63)96518-1648,qalbuquerque@example.net,1953-08-14
Maria Eduarda Rocha,(72)92868-8676,giovanna51@example.net,1961-02-13
Amanda Pinto,(62)90786-9910,pedro-miguel17@example.net,1965-10-09
Maria Luísa Camargo,(32)95086-4911,calebandrade@example.com,1978-09-25
Calebe da Costa,(11)95240-1521,hellenamarques@example.com,1990-11-02
Dra. Ágatha Leão,(44)96107-0189,kamillyrezende@example.org,2001-12-10
Maria Luísa da Mota,(47)95677-5103,salesester@example.org,1975-05-20
Isabela Fonseca,(82)98883-4863,rodriguesemilly@example.net,2006-07-27
Maria Alice Araújo,(73)92077-6478,mda-mota@example.org,2002-12-01
Ayla Ribeiro,(35)93982-3450,asafearagao@example.com,1961-10-13
Gustavo Azevedo,(38)90784-9494,pedroda-conceicao@example.com,1997-11-27
Alexandre da Mota,(85)99874-8972,jose-pedronogueira@example.com,1999-07-20
Daniel Ribeiro,(80)90818-1586,cardosoarthur@example.com,1998-12-20
Lorenzo Almeida,(51)90767-2593,viniciusaragao@example.org,1995-09-07
Valentina Camargo,(17)97840-6989,melomanuela@example.com,1980-02-19
Bianca Machado,(72)96749-1435,caiosiqueira@example.net,1980-09-10
Raul Ramos,(78)92113-0263,araujomaria-luiza@example.com,1974-03-21
Bianca Mendonça,(18)96815-9587,fbarbosa@example.com,1986-08-09
Benício Cardoso,(21)92494-1004,agatha56@example.net,1981-04-25
Rafael Montenegro,(19)97986-4260,ybrito@example.net,1952-12-29
Helena Lopes,(19)99062-5494,ada-conceicao@example.com,2001-07-07
Maria Liz Leão,(41)95419-3837,diasleticia@example.com,1990-06-21
Marcelo Cassiano,(26)97646-0539,fazevedo@example.org,1951-07-22
Aylla Souza,(42)97770-1200,jose-pedro80@example.net,1983-06-05
Luísa Rios,(87)90533-4035,jesusdaniela@example.net,1996-04-07
Ana Júlia da Paz,(90)91100-3626,clarice19@example.net,1959-09-08
Rodrigo Câmara,(64)98823-1132,ferreiraemilly@example.org,1997-02-07
Henry Gabriel Lima,(85)97586-3473,pereiravitor@example.org,1957-06-27
Leonardo Fernandes,(77)94246-2441,anthony-gabriel22@example.net,1989-12-10
Ana Lívia Casa Grande,(44)92741-5205,borgessofia@example.org,1970-10-23
Mirella Fernandes,(96)99612-5636,esterdas-neves@example.net,1967-04-14
Antonella Aragão,(51)93203-5886,levisa@example.net,1948-08-05
Anna Liz da Mata,(44)95312-1477,bribeiro@example.com,1986-07-09
Maria Vitória da Mata,(27)99015-2735,oliviacamargo@example.com,1974-06-19
João Miguel Rocha,(93)94026-4926,qmoura@example.com,1948-04-19
Miguel Peixoto,(69)94243-6584,abreunicolas@example.com,1959-08-02
José Miguel da Rocha,(20)90125-0299,isaque07@example.net,1974-07-07
Davi Lucca Garcia,(69)98337-0583,melissanovais@example.net,2000-01-27
Sr. Miguel Sousa,(83)91341-9256,lopesarthur-miguel@example.com,2007-11-23
Levi Oliveira,(20)97216-0068,zoliveira@example.net,1988-10-08
Lavínia Camargo,(38)96789-8694,ualmeida@example.org,1999-09-27
Natália Sales,(44)91777-8019,felipe61@example.org,1974-11-09
Maria Liz Moura,(55)90923-3013,goncalvesana-luiza@example.net,1968-04-24
Lucas Gabriel Vasconcelos,(42)94959-7086,eduardomoraes@example.net,1952-12-20
Sophia Correia,(47)92117-2421,clara23@example.org,1955-03-05
Gael Henrique Cavalcanti,(67)97290-9480,domcavalcanti@example.net,1978-11-01
Melissa Rodrigues,(49)98209-7999,ana-vitoria27@example.org,1977-02-13
Liz Vieira,(94)97099-3218,daniel58@example.org,1966-05-02
Milena Andrade,(12)98963-9081,freitasallana@example.org,1989-01-29
Thiago Gomes,(81)94018-1935,jpacheco@example.net,2006-03-05
Rael Oliveira,(95)91390-3144,aurorapereira@example.com,1979-04-30
Bento Machado,(28)93549-6015,fernandesenzo-gabriel@example.net,1989-03-06
Asafe da Cruz,(25)91436-6125,hmacedo@example.net,1986-09-15
Luiz Otávio Freitas,(81)92086-3865,hellena65@example.net,1985-11-23
Lucas Gabriel Azevedo,(45)93781-6686,gabriel86@example.com,1962-05-11
Dra. Clarice Farias,(88)92827-0233,pachecojoao-miguel@example.com,1966-04-27
Maria Júlia Cardoso,(54)92732-6368,das-nevesfernanda@example.net,1999-01-30
Sr. Vinicius Borges,(98)98512-5977,xmoraes@example.org,1969-11-19
Fernando Cunha,(44)96783-4855,maria-vitoria33@example.org,1955-10-03
Juan Viana,(73)93370-4923,montenegrovalentina@example.net,2005-05-06
Ana Carolina Ribeiro,(17)91238-8090,joao96@example.org,1956-04-01
Enzo Silveira,(92)95685-1377,aaparecida@example.com,1991-03-28
Srta. Melina Pimenta,(46)90591-7225,manuela38@example.org,1966-04-08
Evelyn Freitas,(11)94476-9200,xmartins@example.com,1998-02-28
Sarah Moura,(27)98551-1909,mcastro@example.net,1954-08-17
Benjamim Ramos,(44)92168-7165,jfreitas@example.org,1993-08-14
Camila da Paz,(67)97404-5292,teixeiralorenzo@example.com,1975-10-14
Clara Lopes,(65)97528-3645,camaramanuella@example.com,1947-01-09
Ana Júlia Gonçalves,(12)91501-5458,ravy61@example.com,1960-06-27
Liam Brito,(20)99274-7083,joao-vitor20@example.com,2007-08-22
Cecilia Teixeira,(30)97322-7889,nmachado@example.org,2006-11-08
Antony da Cunha,(15)94955-5330,kaiquenovaes@example.net,1986-08-23
Mariana Camargo,(85)97415-8663,renan41@example.org,1961-06-08
Natália Azevedo,(29)95768-4996,monteirostella@example.org,1988-03-19
Isabella Silva,(27)90561-4174,analima@example.org,1987-01-18
Sr. Oliver Cirino,(50)94894-2697,mouraeloah@example.org,1981-01-03
Sofia Viana,(16)94802-4342,gomesmaria-isis@example.org,1988-06-19
Maria Fernanda da Cunha,(37)99154-5441,fogacadavi-luiz@example.com,1961-08-14
Dra. Bella Vargas,(42)98951-4287,joao-felipe05@example.net,1968-03-31
Emanuella Vasconcelos,(24)94746-9942,esampaio@example.net,1957-08-12
Benício Silva,(82)95454-3049,sandrade@example.org,1948-03-10
Asafe Dias,(90)92074-3797,olivia68@example.com,1962-06-13
Gabriel da Paz,(41)92181-0617,calebe54@example.org,1999-08-09
Dr. Murilo Souza,(33)95533-7219,vgomes@example.org,1978-12-23
Sra. Maria Eduarda Moreira,(14)92407-3380,enzo61@example.com,1986-03-17
Yago da Rocha,(53)95525-9205,gustavo15@example.net,1965-04-30
Pietro Pereira,(96)99865-7752,scavalcante@example.com,1969-02-17
Ana Cecília Siqueira,(42)93581-0056,luara40@example.org,1990-11-19
Maria Luiza Fonseca,(31)99412-3965,bentocasa-grande@example.net,1991-05-09
Ana Beatriz Cardoso,(24)95134-3880,da-costaemanuelly@example.com,1971-04-06
Ana Beatriz Pereira,(15)96317-4945,manuellafreitas@example.com,1975-06-03
Davi Miguel Moura,(39)92678-6211,isabella54@example.org,1952-12-05
Francisco Monteiro,(69)94693-0359,hnovais@example.com,1997-12-11
Pietro Cunha,(50)93054-7349,mariane31@example.org,2003-03-31
Rael Cavalcanti,(39)90317-6186,zborges@example.net,2002-09-30
Dr. Benício Novaes,(95)92592-1441,ana-clara22@example.com,1979-10-31
Davi Costa,(62)94405-8573,renanvieira@example.com,1946-12-31
Dr. Ravi Lucca Novaes,(46)90931-7495,erickazevedo@example.com,1972-04-21
Dra. Pietra Moura,(46)94713-0035,avargas@example.net,1950-03-25
Liam Ramos,(93)96837-1272,machadomaria-flor@example.net,1980-06-01
Sr. Yuri Porto,(62)99120-3377,jose-pedrolopes@example.net,2007-03-08
Davi Moreira,(79)94444-6182,ana-juliacavalcante@example.org,1967-03-02
Srta. Manuella Moreira,(14)91548-0907,emanuel43@example.net,1982-09-11
Davi Lucas Pires,(44)92396-6966,sophie18@example.net,1956-09-07
Daniela Cavalcante,(85)93563-0292,bryan01@example.org,1988-11-10
Julia Rezende,(15)91454-9543,larapinto@example.net,1947-04-09
Ísis da Rocha,(87)95832-6160,maria-sophia36@example.com,1976-01-27
Bento Castro,(55)99778-3662,eleao@example.com,1959-02-04
Sr. Levi Silva,(51)95857-1795,catarina62@example.com,1980-04-02
Bianca Dias,(88)96864-2041,maria-florcampos@example.com,1975-10-21
Diego Brito,(25)95170-0055,da-rochahadassa@example.net,1973-08-30
Emanuel Duarte,(84)92551-1941,mateus27@example.net,1976-12-22
Lorena Monteiro,(43)90595-7459,borgesisabel@example.net,1976-04-28
Henrique Pacheco,(66)90022-6999,calebe04@example.com,1985-11-14
Olivia da Paz,(77)97226-9803,caldeiralorena@example.org,2005-04-05
Luiz Otávio Teixeira,(98)99656-0259,cfonseca@example.com,1948-09-09
Evelyn Fonseca,(96)92644-5607,diogo68@example.com,1997-03-24
Lara Pinto,(57)95788-7757,cardosogael@example.com,1970-08-09
Dr. Diego Costa,(19)98915-2472,cmontenegro@example.org,1947-11-10
Lucas Gabriel Melo,(53)98363-8503,mcassiano@example.net,1954-09-21
Dr. Enrico Gonçalves,(51)98903-8359,barbara88@example.net,1978-07-18
Dra. Letícia Melo,(26)99660-3781,freitasbianca@example.net,1952-09-01
Lorena Vieira,(49)96806-4830,peixotomaria-julia@example.com,1989-10-27
Heloísa Silveira,(50)98950-8850,pachecomaria-luiza@example.org,1980-11-18
Maria Helena Casa Grande,(63)94377-9528,beniciooliveira@example.net,1952-09-08
Antony Macedo,(62)99357-7729,larissa26@example.net,1959-01-31
Sarah Vasconcelos,(48)97441-1983,usousa@example.org,1993-03-28
Valentim Costela,(27)92574-8341,maria-liz86@example.com,1956-12-29
Yasmin Fernandes,(64)98924-5317,vinicius97@example.org,1961-12-26
Kaique Câmara,(59)99090-8075,alicia37@example.com,1977-11-10
Dr. João Pedro Campos,(33)98261-3013,wgoncalves@example.org,1964-12-22
João Pedro Silva,(83)94039-2808,ferreiraluisa@example.net,1962-08-29
Sra. Hadassa Costa,(62)97354-2887,yago21@example.net,1995-08-17
Isabella da Cruz,(11)94078-5405,riossofia@example.org,1988-08-15
Benjamim Brito,(47)92821-0242,tfarias@example.com,1952-01-20
Cecilia Abreu,(66)97784-4239,joanarezende@example.com,1977-09-13
Gabriela Sá,(88)98787-3101,aurora40@example.org,1989-08-06
Isabel Nascimento,(52)96240-9658,cavalcantilara@example.org,2007-10-16
Miguel Viana,(67)95934-5683,vcirino@example.com,2004-11-14
Anthony da Rosa,(97)92868-2516,fariasalice@example.com,1988-11-06
Valentina Monteiro,(76)96350-9974,mirellamartins@example.com,1958-05-01
Lucas Castro,(32)98842-9450,qramos@example.net,1957-11-18
Lucca Vieira,(21)93808-9166,matheus29@example.net,2006-04-03
Mariane Moraes,(76)98910-0953,erick61@example.org,1954-10-11
Luna da Cruz,(92)98311-5778,da-luzhadassa@example.org,1975-08-11
Lucas da Rosa,(53)91253-4217,da-luzeloah@example.net,1961-04-16
Dante Martins,(41)99030-1106,liam68@example.net,1997-08-06
Dante Porto,(50)93015-0759,emilly93@example.org,1954-04-19
Daniela Marques,(36)91977-7514,kamilly87@example.net,1999-10-14
Helena Teixeira,(14)90620-2700,enricomoura@example.com,1981-02-24
Sra. Ana Vitória Nunes,(42)96377-1720,araujoagatha@example.net,1958-12-19
Zoe Cassiano,(89)90977-4839,beatrizmoreira@example.com,1953-02-13
Gabrielly Silva,(69)95562-5330,gborges@example.com,2000-03-29
Rafael Cardoso,(91)97726-5240,kmarques@example.org,1983-03-27
Lorena Silveira,(35)99641-4756,goncalvesthomas@example.org,1995-12-18
Brayan Aparecida,(60)96635-4180,sferreira@example.org,1982-01-13
Bernardo Melo,(62)93274-7037,da-pazjulia@example.org,1997-07-15
Otto Freitas,(29)98805-4615,ymachado@example.com,1950-09-02
Ágatha Carvalho,(99)90074-4212,isaac28@example.com,1981-03-13
Henry Gabriel Abreu,(24)95706-2156,da-rosamaria-fernanda@example.net,1994-02-22
Mariana Nascimento,(39)92360-7110,pda-conceicao@example.com,1968-10-06
João Guilherme Correia,(77)96235-0830,andradelarissa@example.net,1997-05-04
Isaque Costela,(17)97481-3739,britobernardo@example.com,1985-11-21
Ana Julia da Cruz,(42)91628-8475,guerraluna@example.org,1981-12-09
Benjamin Carvalho,(69)91789-6471,ravi-lucca95@example.net,1985-11-24
Luna da Costa,(70)98960-0766,joao-pedro83@example.com,1965-08-28
Bento Novais,(78)97501-7682,leticianovais@example.com,1948-05-26
Dr. Vinicius Dias,(87)94258-7010,jjesus@example.com,1970-10-29
Vitor Gabriel Melo,(67)98222-8802,raelda-rosa@example.net,1955-01-12
Ana Laura Novais,(75)95727-6174,jleao@example.net,1954-05-02
Isabelly da Cunha,(81)95984-9511,biancaramos@example.org,2007-12-20
Maria Eduarda Borges,(31)99981-1743,cauada-mata@example.com,1991-01-20
Ana Cecília Barbosa,(71)96040-7340,pedro-henriquemendes@example.org,2004-05-17
Dr. Anthony Gabriel Cunha,(44)93318-3955,isaacsouza@example.com,2007-06-09
Gustavo Gonçalves,(92)93722-0099,auroravasconcelos@example.com,1971-02-11
Yasmin Rezende,(77)96504-1510,ana-liz45@example.net,2005-04-14
Nina Brito,(91)93211-1036,uteixeira@example.org,1970-06-08
Dr. Augusto Nunes,(46)95903-8700,joao-vitoralmeida@example.com,1982-11-11
Maria Vitória da Rocha,(20)99577-0370,matteofarias@example.org,1971-01-21
Isabelly Monteiro,(47)93147-3195,theo77@example.com,1956-08-28
Sra. Eloá Carvalho,(45)94507-6693,icirino@example.net,1949-03-16
Ana Beatriz Barbosa,(51)97249-8004,teixeiraanthony-gabriel@example.com,1954-07-26
Isabel Azevedo,(21)91857-2252,antonycunha@example.net,1976-03-29
Sr. Rodrigo Ribeiro,(30)93103-9390,aalmeida@example.net,1982-10-01
Alice Almeida,(60)99314-0367,stella40@example.net,2000-07-18
Dra. Marina Cavalcanti,(30)99481-3972,britosabrina@example.org,1961-08-10
Vinicius da Cunha,(38)90862-0650,vitor61@example.com,1972-11-02
Isabelly Sampaio,(64)95470-7061,ana-clararodrigues@example.org,1989-09-11
Ana Beatriz Borges,(53)97282-8034,ygarcia@example.net,1977-08-08
Anthony Sampaio,(70)95580-4273,enzomonteiro@example.com,1989-02-04
Sr. Vinícius Aparecida,(18)92776-0841,otaviosales@example.net,1977-07-26
Augusto Barbosa,(64)95227-4692,yasmin90@example.org,2003-01-30
Sr. Gustavo Henrique Pastor,(85)99335-1515,isabellabarbosa@example.com,1956-04-06
Isabella Nunes,(13)97726-7850,irocha@example.com,1971-05-01
Srta. Anna Liz Montenegro,(59)96401-9136,caue16@example.org,2002-04-13
Luigi Pereira,(11)94721-2267,uvasconcelos@example.org,1988-05-12
Rael Mendonça,(49)95234-3121,eduardanovaes@example.com,1974-08-06
Mateus Barros,(64)97223-8741,thales11@example.com,1955-09-15
Daniela Sousa,(80)98096-7191,xdias@example.org,1951-06-09
Leandro Macedo,(39)96552-9051,vitor-hugo12@example.org,1957-12-17
Melissa Novais,(39)93663-2757,bcaldeira@example.org,1969-04-17
Ayla Peixoto,(66)96518-1765,helena04@example.com,1971-08-07
Joaquim Oliveira,(14)95219-1530,gabriellycavalcante@example.org,1963-07-06
João Felipe Monteiro,(54)98977-4697,davi-lucascavalcante@example.com,1963-12-28
Letícia Mendes,(97)95426-6464,fonsecatheodoro@example.org,1994-04-08
Sabrina Peixoto,(32)96273-2043,maria-ceciliacaldeira@example.org,1965-12-10
Miguel Farias,(27)98351-7915,cfarias@example.com,1974-07-07
Catarina da Rosa,(79)90361-9375,murilo75@example.org,1972-04-23
Dr. Samuel Oliveira,(61)97944-2503,ayllagarcia@example.com,2000-10-09
Maria Clara Camargo,(83)98898-6321,zoecirino@example.net,1997-06-12
Amanda Siqueira,(14)91126-7237,nsantos@example.com,1999-06-29
Bernardo Vieira,(93)95752-7432,frocha@example.org,1988-04-22
Isaque da Cunha,(28)96196-8116,laviniavieira@example.com,1950-03-30
Pietra Pacheco,(34)90674-9089,gnascimento@example.net,1973-09-03
Ana Carolina Vieira,(44)95088-2459,stella91@example.org,1997-07-15
Luiz Gustavo Cavalcante,(52)92840-8562,nunesisabelly@example.com,1999-05-24
Bianca Albuquerque,(69)94386-8501,da-luzpedro-miguel@example.net,1996-01-13
Hellena Machado,(54)95088-5459,heloisa79@example.net,1979-04-08
Luiz Felipe Alves,(46)95658-1473,scaldeira@example.com,2007-11-08
Danilo Siqueira,(43)91099-3268,ceciliadas-neves@example.com,1976-03-12
Vicente Mendes,(71)90260-1580,maria-laura17@example.net,1992-08-16
Luiza Azevedo,(80)90699-0811,caio10@example.com,1989-04-21
Enzo Sousa,(55)93009-4589,pietracavalcanti@example.net,1956-02-09
Dr. Ravi da Conceição,(94)90920-9801,lpires@example.org,1988-10-17
Marina Gonçalves,(94)90540-3355,sousamiguel@example.com,1985-07-05
Maria Julia Abreu,(14)93318-9803,noahda-mota@example.net,2000-03-30
Cauã Nascimento,(36)90273-5359,emanuellyduarte@example.org,1976-05-06
João Rios,(90)92045-2412,omoura@example.com,1985-10-31
Maria Júlia Pastor,(41)91694-1092,ferreiraclarice@example.com,1987-03-22
Kaique Pimenta,(71)98985-3245,rochajoao-felipe@example.com,1953-03-25
Leandro Camargo,(25)97569-4715,evelynsales@example.org,1979-12-21
Mariah Peixoto,(38)96241-5804,hadassalima@example.org,1978-04-30
Zoe Sales,(43)94951-2272,lucas-gabrielmendonca@example.com,1954-10-04
Levi Machado,(32)98132-1540,fogacaantony@example.com,1954-07-02
Matheus Novais,(88)99641-6275,rjesus@example.com,1973-06-29
Sra. Rebeca Cavalcante,(25)92198-0274,nunesbento@example.org,1965-01-31
João Guilherme Câmara,(50)91450-8768,lucca79@example.net,1997-10-12
Sophia Camargo,(85)90344-6499,da-matayasmin@example.com,1982-02-04
Pedro Lucas Nogueira,(50)97728-2128,laiscaldeira@example.net,2001-09-11
Isadora da Rosa,(97)95037-2847,machadovinicius@example.com,2003-11-19
Pedro Lucas Campos,(61)99596-7649,ottosousa@example.net,1992-02-08
Dr. Enzo Pimenta,(36)91020-0074,noahcostela@example.org,1984-01-02
Dr. Vitor Gabriel Cavalcante,(86)99269-2697,ana49@example.com,2003-08-07
Aylla Carvalho,(91)93259-4692,raraujo@example.net,1953-11-04
Srta. Isadora Casa Grande,(24)99357-5660,thales67@example.org,1984-07-02
Juliana Pires,(49)99183-9693,cgarcia@example.org,1988-04-29
Nathan Moraes,(87)91624-7735,emilly77@example.com,1984-10-23
Caleb Siqueira,(83)90551-2205,qporto@example.net,1969-08-02
Vitor Gonçalves,(55)97150-3856,lizcunha@example.com,1963-06-26
Dr. Lucca Novaes,(65)98878-7891,maria-vitoriaviana@example.com,2006-01-21
Ana Julia Aparecida,(58)90925-5216,piresmaria-clara@example.org,1953-08-30
Pedro Lucas Marques,(75)98691-1784,limanathan@example.net,2007-02-04
Kevin Castro,(54)90169-8142,francisco54@example.org,1970-07-07
Eloah Aragão,(64)96579-3759,tpires@example.net,1992-10-21
Paulo Rezende,(24)95818-6525,santosgabriel@example.org,1959-09-25
Ana Vitória Cardoso,(57)98530-6788,rafaelarodrigues@example.com,1945-11-03
Luigi Campos,(69)99493-3359,isales@example.com,1950-01-11
Matheus Borges,(30)95845-0095,caldeiraana-sophia@example.com,2005-02-28
Davi Miguel Garcia,(33)99848-8338,joao-pedroazevedo@example.net,1983-07-17
Enzo Macedo,(77)98730-2916,paulo26@example.net,1991-12-06
Helena Borges,(45)98266-6356,carvalhojosue@example.net,1994-11-20
Marcela Lima,(79)96489-3936,joao-lucas34@example.net,1950-12-11
Yuri Peixoto,(70)95846-1818,benjamim43@example.net,1986-07-06
Esther Souza,(86)93602-3439,pda-rocha@example.org,1998-07-19
Thales Gomes,(52)93294-9803,da-costamelina@example.net,1985-08-17
Vinícius Albuquerque,(22)93743-7115,anna-liz26@example.net,1973-11-06
Sr. Ravy Vargas,(68)93273-0796,almeidadavi-luiz@example.org,1963-01-19
Asafe Araújo,(70)97648-3924,smontenegro@example.net,1993-09-14
Maria Vitória Lima,(89)98968-2738,obarros@example.net,1981-10-18
Daniela da Mota,(59)94515-0390,das-nevesemanuel@example.net,2007-11-17
Eduardo Nascimento,(14)96634-4695,heloisa91@example.com,1992-10-02
Isabella Araújo,(52)92440-6132,ericklopes@example.org,1976-01-23
Ana Laura das Neves,(73)92847-0244,isaquealbuquerque@example.net,1954-07-19
Srta. Elisa Monteiro,(56)93467-5473,rebeca84@example.org,1970-07-07
João Felipe Siqueira,(54)93753-5126,vargasbento@example.com,2000-02-18
Júlia Moura,(87)99411-1289,da-luzeduardo@example.com,1976-03-09
Maria Cecília Araújo,(46)97459-7009,knunes@example.com,1955-11-30
Cauã Oliveira,(12)96934-0535,da-conceicaonicole@example.org,1948-03-16
Joaquim Aparecida,(35)91149-0777,yfonseca@example.org,1957-05-22
Yuri Silva,(41)99664-6785,ucamara@example.org,1973-07-15
Sra. Júlia Barbosa,(63)96557-5808,isaque80@example.org,1960-05-25
Ana Clara Guerra,(82)93225-5732,martinsalexia@example.com,1967-06-26
Yuri Marques,(99)96390-0135,freitasmurilo@example.com,1983-07-30
Joaquim Martins,(93)99554-1870,marina38@example.org,1955-06-16
Nicolas Alves,(73)96015-2969,vitoriaferreira@example.net,2002-05-05
Srta. Lívia Abreu,(13)91248-9409,usousa@example.com,1952-04-13
Vinícius da Costa,(48)92974-2165,dmendonca@example.org,1993-08-21
Caleb Aparecida,(62)99285-0100,raqueljesus@example.net,2006-02-25
Dr. Bryan Pacheco,(42)94109-8277,montenegrojoao-felipe@example.net,2001-01-03
Ana Vitória Pastor,(95)97805-5069,lopesjose-pedro@example.org,1965-01-21
Levi Gonçalves,(58)96351-9947,anna-liz74@example.org,1950-04-17
Davi Luiz Vasconcelos,(81)97125-9135,cassianoheitor@example.org,1975-10-21
Luara Jesus,(55)95711-0154,nascimentoelisa@example.org,1975-12-18
Ravi da Luz,(81)94439-8056,borgeslevi@example.net,1965-11-29
Dra. Ana Cecília Cunha,(56)99433-5593,juan13@example.com,1972-03-04
Ana Julia Rocha,(69)93636-1787,vicente20@example.com,2003-05-14
Isadora Brito,(50)93374-2830,zcaldeira@example.org,1953-06-22
Bento Vasconcelos,(40)91619-4158,jose-pedrocosta@example.com,1970-07-17
Antonella Pacheco,(35)94235-2128,dom01@example.org,2006-08-16
Melina Cardoso,(26)99970-7808,fariasjoaquim@example.org,1976-07-31
Enzo Gabriel Oliveira,(79)99263-2184,zsilveira@example.com,1947-03-20
Mariane Cavalcanti,(34)92570-8194,paulo24@example.com,1975-07-24
Arthur Gabriel Pimenta,(38)99913-3838,ana-carolinamonteiro@example.com,2005-04-13
Pietra Araújo,(72)93711-1151,da-motahadassa@example.org,1973-09-27
Vinicius da Cruz,(86)97041-5568,garciaelisa@example.com,1982-04-07
Manuella Nunes,(87)93798-3442,hellena42@example.org,1966-11-28
Hellena Alves,(23)92605-4020,danilo78@example.com,1997-05-23
Isabel Castro,(48)93053-2273,da-cruzrodrigo@example.com,1981-07-11
Srta. Hellena Oliveira,(57)92408-4236,lfogaca@example.org,1961-04-22
Luiza Sousa,(49)90189-8961,benjamin59@example.net,1954-11-17
Esther Monteiro,(79)91698-9677,luiz-fernando70@example.org,1949-01-12
Henry Almeida,(46)90610-9013,vabreu@example.net,1958-12-02
Luigi Silva,(17)97427-0583,aylaaraujo@example.org,1955-04-06
Cecília Vasconcelos,(48)99360-5777,mouraemanuella@example.org,1970-08-19
Dra. Maria Laura Pastor,(27)98561-3415,fernandesana-julia@example.com,1954-06-30
Pedro Henrique Vieira,(73)91376-9080,urezende@example.org,1993-05-02
Maria Alice Câmara,(12)97704-9595,gabrieladas-neves@example.net,1992-01-23
Davi Lucas Cavalcanti,(47)96300-1391,sampaioheloisa@example.net,1947-05-31
Liam Pimenta,(72)95911-8721,gustavo-henriquemonteiro@example.org,1967-09-30
Srta. Isabela Ferreira,(54)92474-4872,lucas-gabriel15@example.com,1945-12-26
Gustavo Henrique da Cruz,(17)93388-7075,ferreiratheo@example.org,1994-03-26
Benicio Gomes,(72)91531-2516,asiqueira@example.org,2005-05-27
Sabrina Garcia,(19)95378-2042,zoe61@example.com,1998-11-18
Heloisa Castro,(73)90994-3140,zbarbosa@example.org,1965-04-11
Liam da Luz,(84)98448-2772,barbosacaroline@example.org,2005-08-19
Elisa Siqueira,(98)90719-5288,novaesfrancisco@example.com,1985-08-19
Rafaela Santos,(30)92002-4960,lopeslucas@example.net,2005-10-03
Eduarda Aragão,(83)94078-0112,fariasnoah@example.org,1973-01-22
Dra. Ágatha da Luz,(21)93331-1626,ana-cecilia31@example.org,1971-12-12
Rebeca Cassiano,(26)97490-3294,fonsecaandre@example.com,1951-03-05
Rhavi Costa,(64)98137-8577,alvesnoah@example.org,1988-08-21
Bruno Melo,(87)98300-2706,das-nevesisabella@example.com,1978-06-29
Julia Borges,(39)97013-8498,xcirino@example.com,1970-05-07
Pietro Aparecida,(59)96046-7027,lunna74@example.org,2002-03-04
Bento Cassiano,(67)93991-0061,barroscatarina@example.net,1973-05-19
Heloísa Novaes,(86)95755-6566,gomesrebeca@example.com,1981-08-26
Olívia Oliveira,(50)97632-0155,maria-laurada-rosa@example.org,1972-01-28
Srta. Sarah Oliveira,(90)90808-3974,isaquesa@example.com,1956-12-21
Heitor Correia,(89)99933-3105,bryanlima@example.org,1991-09-12
Gabriela Pires,(23)92788-8820,valentimdias@example.net,2007-06-02
Caio Gomes,(91)92832-3322,unovaes@example.com,1980-07-28
Alice Viana,(44)98864-1164,acamargo@example.org,1955-04-18
Beatriz Caldeira,(21)92107-9846,vianaallana@example.net,2005-02-06
Dr. João Gomes,(41)92332-8859,moliveira@example.com,1947-10-05
João Guilherme Guerra,(81)91007-5036,isadoraandrade@example.com,2005-09-29
Sr. Benicio Souza,(31)90035-9129,xda-mata@example.org,1968-03-14
Leonardo da Mota,(63)96046-5583,rsampaio@example.org,2004-05-03
Davi Luiz da Rosa,(99)97969-9989,uvasconcelos@example.com,1994-10-21
Aurora Correia,(71)93909-2160,acunha@example.net,1978-03-06
Maria Fernanda Araújo,(15)93106-8214,davi-luccadas-neves@example.net,1979-09-12
Catarina Vasconcelos,(47)99488-6005,cavalcantimatheus@example.org,2002-03-02
Josué Andrade,(47)99435-3392,xaragao@example.net,1958-10-04
Léo Martins,(69)90955-3585,hporto@example.net,1947-04-16
Marcelo Mendonça,(98)93132-9612,ecavalcanti@example.net,1982-09-23
Dr. Enrico da Luz,(44)98389-3865,da-pazbenjamin@example.com,1948-08-03
Heitor Câmara,(86)98874-2485,noahda-mata@example.net,1973-01-28
Alícia Vasconcelos,(36)95706-1186,melojoao@example.net,1956-12-29
Alexia Câmara,(25)97308-9925,ana-laura46@example.com,2003-02-28
Dr. José Cunha,(39)98692-4061,rda-rosa@example.net,2001-04-21
Maria Laura Pacheco,(30)93565-2586,abreunina@example.net,2002-08-05
Dr. Kaique Rodrigues,(29)90958-4466,mendesdavi-lucas@example.com,1964-01-10
Lunna da Mota,(18)92226-9779,ana-cecilia32@example.net,1997-04-19
Benjamin Peixoto,(50)97986-5458,uribeiro@example.net,1954-09-24
Srta. Sara da Rocha,(83)93873-6657,larissa66@example.net,1947-08-12
Esther Fernandes,(67)91669-0465,sophieporto@example.com,2006-11-24
Maria Alice Montenegro,(70)99243-2795,luigi82@example.com,1951-11-07
Carolina Sousa,(49)99391-6665,luiz-otavio51@example.org,1969-05-21
Leandro Leão,(62)93654-0265,esther49@example.com,1976-10-07
Ravy Aragão,(75)97247-5098,melomathias@example.net,1953-05-13
Maria Helena Moura,(74)95875-5000,julia02@example.org,1958-11-03
Dr. Raul Casa Grande,(21)98026-7122,luiz-miguel17@example.com,1988-02-25
Levi Porto,(16)95798-5905,abreumarcela@example.com,1959-06-17
Emanuel Mendonça,(52)98102-9073,cardosoluara@example.net,1974-06-07
Mariane Mendes,(43)90347-1527,cabreu@example.net,1958-10-12
Sra. Alice Duarte,(22)93072-5714,arthur-miguelrocha@example.org,1987-11-09
Srta. Heloisa Sales,(97)97720-1917,ana-livia21@example.com,1979-06-18
Lorena Cavalcante,(86)90278-4407,aparecidaana-cecilia@example.com,1976-03-27
Dra. Valentina Fernandes,(97)93617-3157,irodrigues@example.com,2006-07-20
Maria Alice Sá,(84)90539-9803,lucasguerra@example.org,1960-10-02
Davi Lucca Cunha,(33)96314-9551,pastormirella@example.org,1953-08-04
Sr. Marcos Vinicius Porto,(77)98744-4123,sophie90@example.net,1948-06-22
Bianca Rezende,(67)93733-3543,aragaoigor@example.com,1975-06-12
Camila Novaes,(34)97856-1612,maria-julia23@example.net,1991-11-16
Alexia da Rosa,(66)98519-9362,gribeiro@example.net,1980-08-13
Davi Miguel Leão,(73)91224-6348,moraesisaac@example.com,1952-12-19
Theo Costa,(71)94670-2542,viniciusmoreira@example.org,1969-07-26
Sra. Laís Castro,(63)94473-5895,novaesmaysa@example.org,1992-01-16
Luísa da Costa,(52)98994-3797,albuquerquefelipe@example.org,2002-01-17
Sabrina Cassiano,(24)92158-5546,vasconcelosnina@example.org,1994-06-13
Srta. Jade Ramos,(53)95525-0068,maria-aliceda-rocha@example.com,1976-10-20
Carlos Eduardo Cavalcanti,(99)96650-0726,da-rochaeloah@example.net,1966-06-28
Bruna Brito,(47)98893-0456,albuquerquejoao-guilherme@example.net,1989-04-02
Lucas Fogaça,(62)97383-2717,rpinto@example.net,1951-07-15
Dr. Fernando Camargo,(15)96104-5700,dguerra@example.com,2002-01-29
Pietra Leão,(22)94221-3778,henry-gabrielcardoso@example.net,1994-08-23
Emanuel Caldeira,(43)94338-9073,epastor@example.net,1991-05-17
Emilly Pimenta,(25)95424-7457,wvasconcelos@example.net,1947-03-04
Caroline Mendes,(76)90015-4493,acamargo@example.com,1948-05-03
José Pedro Rezende,(95)97282-5679,apollo89@example.net,1983-08-29
Lucca Moreira,(70)95546-5150,lopestheo@example.com,1968-09-26
Maria Isis Cassiano,(17)92517-6902,albuquerquelevi@example.net,2002-12-22
Sabrina Cavalcante,(77)94855-7203,samariane@example.com,1961-08-08
Dr. Benicio Montenegro,(90)96690-6611,isisramos@example.com,1972-08-26
Bruno Marques,(91)95932-9732,coliveira@example.org,2003-07-02
Melissa Dias,(17)92732-1124,monteiroarthur-miguel@example.org,1972-08-30
Ana Carolina Novais,(45)97371-5012,borgesana-julia@example.net,1983-06-23
Rafael Fernandes,(27)93865-8617,caue37@example.com,1983-04-30
Olívia Silva,(67)99371-7532,marcela11@example.net,1960-04-19
Luigi Fogaça,(73)91629-7533,agatha85@example.net,1952-06-11
Enzo Monteiro,(14)98456-0158,juliacaldeira@example.com,1986-10-11
Gabriel Campos,(88)93211-7961,dcunha@example.org,1993-12-26
Sr. Oliver Aparecida,(31)94170-8177,vargasmanuella@example.com,1990-01-07
Sofia Carvalho,(81)90183-5355,habreu@example.net,1948-07-07
Marina Pacheco,(81)95475-9583,xmoraes@example.org,1992-04-15
Emanuella Siqueira,(22)93015-8811,gustavo-henriquegomes@example.net,1986-01-28
Luna Montenegro,(25)96193-4487,mleao@example.net,1997-02-01
João Guilherme Gonçalves,(26)98693-4122,ana-beatriz72@example.org,1973-04-18
Sophie da Rosa,(30)96689-0827,pedro-henrique33@example.net,1993-10-28
Luiz Felipe Rocha,(48)96829-9645,luiz-henriquemontenegro@example.net,1992-06-16
Luna Santos,(45)95576-6169,teixeiraclarice@example.net,1977-11-24
Maria Vitória Rocha,(72)96338-0266,lavinia08@example.org,1946-12-06
Clara Aragão,(42)96130-8842,costavitor@example.org,1964-09-17
Isis Casa Grande,(81)91941-3516,salesana-carolina@example.org,1996-06-28
Ana Beatriz Fogaça,(60)92558-3290,ncaldeira@example.net,1995-07-14
Heloisa Souza,(87)96821-4937,gda-costa@example.net,1964-10-13
Dra. Ana Julia Garcia,(28)90936-9750,yleao@example.net,1966-06-27
Ana Júlia Albuquerque,(46)95569-2629,nathan97@example.org,2007-03-28
Maria Eduarda Sá,(54)96814-7397,mathiasda-rocha@example.com,1957-04-13
Ana Vitória Cirino,(45)90034-4303,oliviacampos@example.com,1947-12-22
Lara Novais,(47)99744-8913,jose-pedro29@example.com,1945-08-05
Dr. Eduardo Aparecida,(49)97877-7447,aylapeixoto@example.org,1997-11-09
Liz Mendonça,(85)98857-5748,diogo58@example.org,1957-09-21
Ana Lívia Viana,(73)91994-4139,kamillynogueira@example.net,1972-08-29
Luiz Fernando Câmara,(68)97228-7061,biancafarias@example.com,1965-03-09
Vinícius Melo,(72)94632-1751,camargocecilia@example.com,1961-07-25
Isabelly Aparecida,(53)97407-7101,giovanna16@example.com,1981-12-21
Sra. Amanda Moreira,(80)95062-8276,olivia87@example.com,1948-03-11
Gael Duarte,(69)94318-8224,britolucas-gabriel@example.net,1981-06-29
Benício Costela,(35)99361-6654,laiscaldeira@example.org,1981-10-20
Dra. Maya Ramos,(41)97674-5380,souzaleandro@example.org,1976-06-17
Sra. Ana Carolina Borges,(60)93134-8220,aragaoluiz-henrique@example.com,1983-03-10
Ian da Luz,(63)90585-8241,cgomes@example.net,1972-09-24
Luara Almeida,(51)99995-2633,hrocha@example.net,1945-08-11
Ana Luiza Sá,(71)99465-4083,sampaiodiogo@example.com,1979-06-06
João Vitor Viana,(59)95181-8612,erick47@example.com,1972-02-05
Ana Melo,(95)98751-2508,sophiecamara@example.org,1996-01-10
Ísis da Rocha,(30)96648-1885,ana-ceciliarocha@example.net,1989-04-20
Sr. Yuri Novais,(15)91694-4487,josueaparecida@example.org,1984-03-07
Maria Júlia Nascimento,(75)97921-2676,das-nevesotto@example.net,1995-08-31
Sra. Hadassa Jesus,(53)91347-0708,lorenzocirino@example.org,1987-03-10
Gael Camargo,(67)91338-3077,cauesa@example.net,1976-08-06
Ana Sophia da Rocha,(78)96132-7848,da-cunhagael-henrique@example.org,1994-08-02
Raquel Farias,(12)99696-4769,jose-miguel31@example.com,1987-05-15
Gael Dias,(29)95502-6398,vmachado@example.net,1990-01-31
Eduardo Nunes,(94)92071-8012,ana-vitoria62@example.org,1966-07-10
Henry Silva,(20)96301-3961,xda-mota@example.org,1991-06-16
Sra. Pietra Martins,(44)94544-0919,xfogaca@example.com,1978-05-07
Bianca Cavalcanti,(90)99297-3237,da-motajoao-lucas@example.net,1958-07-30
Breno Siqueira,(61)98721-9599,almeidanatalia@example.net,1947-05-02
Maria Luiza Vargas,(21)94409-9326,brayannovaes@example.com,1982-03-12
Olivia Rezende,(97)97162-1574,emanuellygoncalves@example.org,2005-11-14
Lavínia Carvalho,(59)94250-1540,gmontenegro@example.org,1972-03-18
Sr. Isaque Pimenta,(91)99646-4619,oliviacarvalho@example.com,1956-01-17
Diogo Sousa,(73)97261-3940,cfogaca@example.org,1997-01-10
Isabel Azevedo,(15)98287-4006,ester30@example.net,1959-04-13
Maria Cecília Gomes,(19)93151-0328,cmarques@example.org,1989-05-05
Sr. Vicente Porto,(91)99185-8555,vinicius98@example.net,1957-01-15
Maria Flor Fonseca,(47)93053-2691,moreiratheodoro@example.com,2006-12-12
Valentim Guerra,(22)95824-6664,catarina77@example.net,1945-08-28
Cecilia Macedo,(23)98506-0193,raulbarbosa@example.net,1988-12-30
Heitor Cassiano,(23)95954-9527,levifonseca@example.net,1994-01-08
Ian Leão,(32)99314-7259,ian77@example.com,1959-07-20
Elisa Ramos,(49)90388-5234,palmeida@example.org,1953-11-29
Elisa Carvalho,(16)94353-6830,oliveirajuan@example.org,1956-07-12
Fernando Moreira,(18)93937-5156,kpeixoto@example.net,1946-06-23
Dra. Larissa Barros,(56)95031-0319,manuelapereira@example.com,2004-03-24
Eloá Câmara,(66)91953-8047,jpeixoto@example.net,2001-01-15
Thomas da Luz,(42)97129-1936,carolinemarques@example.net,1985-05-26
Ian Garcia,(63)97595-7578,gcardoso@example.org,1958-12-24
Sofia Rodrigues,(98)92416-6826,mcassiano@example.org,1957-04-13
Ana Carolina Viana,(32)92349-7411,borgesmaria-luisa@example.net,1954-01-29
Ágatha Abreu,(21)98180-4602,amoreira@example.com,2004-09-27
Vinícius Lima,(59)98317-6117,maria-luisavieira@example.com,1969-01-23
Beatriz Lima,(98)93232-3627,thomasmendes@example.org,2007-02-21
João Miguel Peixoto,(74)97827-0025,mda-cunha@example.org,1993-06-19
Srta. Stephany Campos,(29)93116-3805,garcianoah@example.net,1999-12-10
Dr. Luiz Miguel Caldeira,(70)98561-8110,leticiarezende@example.net,1962-06-21
Vitor Gabriel Lima,(43)96168-2508,yuri63@example.com,1982-10-12
Rafaela Cavalcanti,(43)98950-1846,maria-sophia44@example.net,1968-08-23
Sra. Cecilia Ribeiro,(12)96244-5234,souzaraul@example.com,1998-07-02
Srta. Beatriz Cunha,(47)99094-7393,vviana@example.net,1986-12-29
Dra. Ana Júlia Castro,(80)92120-3129,aporto@example.org,2001-03-26
Ravy Peixoto,(20)95928-7967,eborges@example.com,1960-04-20
Sr. Arthur Miguel Silveira,(55)97886-2539,nguerra@example.net,1980-08-30
Benjamin Vasconcelos,(49)98575-6900,mayamacedo@example.org,1958-12-08
Stella da Paz,(65)99265-2311,bernardoviana@example.net,1979-12-14
Isabel Pimenta,(43)96131-5464,brayanfonseca@example.org,1989-10-13
Emanuel Borges,(49)92673-8452,isabelly56@example.com,1985-02-03
Valentim Albuquerque,(60)96485-5088,borgesisis@example.com,1994-08-16
Marcela Ferreira,(24)93183-7210,rael93@example.com,1972-09-12
Alana da Luz,(59)97676-2164,joanamontenegro@example.org,1983-03-23
Theodoro da Rocha,(56)97714-9951,igor84@example.net,2000-07-17
Isis Sales,(48)99385-5649,kgarcia@example.com,1997-08-09
Lucca Vasconcelos,(48)90294-4682,drodrigues@example.net,2003-11-14
Rodrigo Camargo,(95)95312-4147,davi-luiz63@example.net,1992-12-03
Levi Jesus,(46)90108-6890,pietra80@example.net,2001-11-02
Josué da Paz,(83)99204-6449,guerracaroline@example.org,1982-12-12
Renan Dias,(17)98139-0501,pedro-henrique94@example.org,1995-12-26
Esther Monteiro,(74)93841-2328,ravysousa@example.org,2004-08-07
Gustavo da Conceição,(40)98147-8884,theopinto@example.com,1955-10-29
Dante Barros,(56)92939-4291,apimenta@example.net,1948-02-01
Maria Fernanda Pinto,(92)92551-9083,marina94@example.com,1957-08-27
Lara Gonçalves,(90)93363-8559,jose-miguelaragao@example.net,1999-08-07
Pietra Nogueira,(97)99676-1368,montenegrocecilia@example.com,2003-10-05
Emanuella Marques,(95)99138-2823,sampaiorafaela@example.com,1966-09-09
Srta. Alice Rocha,(28)98432-2033,gabriellypacheco@example.org,1967-05-10
Dr. Francisco Novaes,(23)98421-6001,renan47@example.net,1968-07-22
Sr. Theo Lima,(93)90529-1208,larissasampaio@example.com,1970-01-20
Lara Machado,(50)95916-6287,joaooliveira@example.net,1960-10-06
João Gabriel da Costa,(15)97778-9079,mgarcia@example.org,1999-08-27
Srta. Olívia Albuquerque,(57)99829-5664,lauramonteiro@example.org,2005-12-30
Stella Nascimento,(27)91209-7496,mariah44@example.net,2003-08-19
Ana Julia Gonçalves,(48)94385-1498,salesluan@example.org,1959-11-15
Renan Pires,(64)92357-4011,machadobruna@example.com,1969-10-09
Dr. Luiz Felipe Almeida,(36)91773-8187,wcampos@example.net,1986-06-02
Vitor Gabriel Cavalcanti,(80)94910-4566,daniela58@example.com,1997-12-06
Sra. Anna Liz Garcia,(78)96734-9752,maria-fernanda22@example.net,2000-03-04
Dr. Nathan Barbosa,(45)92208-4778,castrocaroline@example.org,1966-07-17
Dr. João Felipe Pereira,(43)96467-2520,cda-mata@example.com,1996-02-08
Stephany Machado,(48)94546-1591,lcavalcante@example.org,1953-09-19
Srta. Isis Souza,(25)96285-8374,costelalucas-gabriel@example.com,1952-03-21
Benício Melo,(20)91889-2086,alvesisabella@example.net,1997-04-08
Cauã da Luz,(39)99077-4633,enzo-gabrielrezende@example.com,1966-04-06
Josué Sousa,(97)95333-9667,luisa22@example.net,2002-04-09
Arthur Andrade,(82)94909-3496,aylla77@example.net,1963-09-30
Melina Carvalho,(22)95295-8901,maria-alicepires@example.net,1988-06-24
Maya Moura,(12)93549-5029,cecilia78@example.org,1999-12-21
Pedro Miguel das Neves,(79)91658-7799,julia42@example.com,1945-12-05
Vicente Teixeira,(69)94947-0729,catarinada-paz@example.com,1981-08-15
Samuel Sá,(97)99024-0054,ada-rosa@example.com,1999-07-06
Igor Vieira,(44)97845-8327,novaesevelyn@example.org,1973-03-24
Maya Gonçalves,(59)98570-4631,luansilva@example.net,1989-03-03
Maria Flor Câmara,(58)91454-1967,emanuel63@example.net,1997-03-27
Júlia da Paz,(97)93138-3044,julia31@example.org,1954-07-04
Daniel Porto,(71)90335-8751,cpinto@example.com,1992-11-16
Rebeca Correia,(90)97535-0823,arthur-miguel20@example.net,1946-09-19
Cauã da Paz,(52)98188-3846,jose70@example.org,1951-05-07
Anthony Gabriel Monteiro,(39)98692-6431,carolineleao@example.com,1998-09-05
Maria Fernanda Martins,(19)98528-2470,fariasenrico@example.org,1949-01-08
Matteo Barbosa,(70)99409-6984,mcirino@example.com,2000-10-27
Alice Campos,(49)98713-9443,helenavargas@example.com,1962-01-11
Srta. Fernanda Marques,(63)91565-9979,moreiraoliver@example.com,1971-09-09
Luana Duarte,(28)90608-6345,bryansouza@example.net,1980-08-28
José Mendes,(15)94085-1122,miguel50@example.net,1960-01-12
Isaac Porto,(74)91558-5427,aduarte@example.org,1999-04-08
Dante Gonçalves,(23)93151-4326,antonyaparecida@example.net,1998-07-11
Sra. Daniela Freitas,(79)91820-8520,da-cruzlevi@example.com,1951-06-06
Maitê Teixeira,(60)96088-7034,araujoeduarda@example.net,1955-09-07
Dra. Bianca Cardoso,(58)98999-1136,uda-conceicao@example.net,1998-11-14
Manuella Macedo,(80)95625-4240,asafesales@example.com,1969-08-01
Srta. Isis Aparecida,(86)99962-5660,csantos@example.net,1965-04-07
Rebeca Correia,(30)95568-4858,yasminferreira@example.com,1995-01-18
Kamilly Peixoto,(94)91329-0458,davi-miguelmoura@example.org,1975-10-16
João Nogueira,(73)98263-1441,maria08@example.com,1995-02-19
Antony Pinto,(63)93754-6086,rhavi51@example.net,1981-11-19
Esther Moura,(15)99264-7902,jvargas@example.org,1986-12-05
Lorenzo Jesus,(58)92916-1443,henry18@example.net,1949-09-30
Davi Lucca Cavalcanti,(67)95968-6067,costaheitor@example.com,1958-04-01
Arthur Gabriel Oliveira,(41)94867-8896,fribeiro@example.net,1987-09-02
Dra. Jade Aragão,(23)99203-0447,pedro-miguel91@example.org,2007-11-20
Samuel Barros,(58)97307-6970,dporto@example.com,1983-03-08
Sra. Maria Eduarda Vieira,(93)94814-0388,pimentavitor@example.net,1947-12-23
Srta. Liz Barbosa,(18)95343-7398,rafaelabrito@example.org,1994-07-23
Vitor Gomes,(46)92547-5673,matheusmoura@example.net,1962-02-20
Emanuelly Novais,(26)96103-1132,gsouza@example.net,1984-06-11
Dr. Paulo Caldeira,(22)98895-5314,luiz-miguelnovaes@example.com,1979-07-22
Sr. Vitor Peixoto,(38)98612-8115,ufogaca@example.net,1967-04-21
Dr. Pedro Silveira,(92)98014-7573,rodrigo98@example.org,1970-09-25
Jade Fonseca,(13)90678-8532,zmachado@example.org,1994-08-20
João Miguel Peixoto,(53)93269-1263,moreirajoao-gabriel@example.com,1945-08-28
Henry Cunha,(27)97577-6373,augusto48@example.net,1983-01-25
Daniela Brito,(37)90920-8698,marqueseduarda@example.org,1954-08-18
Luiz Otávio Pacheco,(81)92780-4191,ravi-luccada-cunha@example.com,1951-06-19
Maria Liz Nunes,(86)92898-4499,eduardosilveira@example.com,1999-03-02
Emanuella Mendonça,(40)94409-8516,peixotoana-clara@example.org,1994-12-09
Maria Helena Barros,(29)97999-1301,vargasbruna@example.com,2005-01-29
Maria Vitória Campos,(11)93721-5199,antonioporto@example.net,1971-03-28
Leandro Moura,(29)91744-7248,diasvalentina@example.net,1955-05-22
Sr. Eduardo Aragão,(80)93364-2236,wmachado@example.net,1984-05-10
Ayla Câmara,(33)91475-4064,yda-rocha@example.com,1955-04-13
Lucca Barros,(95)90346-0153,voliveira@example.org,1982-07-06
Julia Barros,(27)90199-4519,bmontenegro@example.net,1954-01-30
Rodrigo Novais,(56)93193-4639,mariahgoncalves@example.net,1984-02-02
Vinicius da Cruz,(86)94345-5870,diegoda-mata@example.com,1967-03-21
Aurora Camargo,(13)92338-6929,xlima@example.com,1958-03-04
Dr. Apollo Vargas,(44)90703-2877,lucca59@example.com,1987-08-14
Pedro Lucas Aparecida,(27)99955-1712,murilorodrigues@example.com,1955-10-29
Srta. Brenda Sousa,(64)97061-0004,da-cruzjuan@example.com,1946-02-22
Sr. Leandro Machado,(25)90853-0615,valmeida@example.org,1995-07-27
Hadassa Costela,(71)96016-6480,agatha79@example.net,1954-10-30
Dra. Allana Garcia,(57)96888-5632,da-cunhaluigi@example.org,1964-07-15
João Gabriel Aragão,(86)91463-6981,arezende@example.org,1971-08-28
Júlia Ribeiro,(68)96762-4084,henrique04@example.net,1971-07-07
Mateus Moraes,(39)98255-8242,diasmaria-vitoria@example.net,1981-05-20
Francisco Costa,(16)99760-8902,tnovais@example.org,1947-12-01
Vinícius das Neves,(95)96998-7997,mariana62@example.org,1968-10-22
Maria Fogaça,(49)96147-7426,ravy84@example.org,1987-10-18
Mathias Alves,(93)90418-0968,rael25@example.com,1989-11-30
Caio Siqueira,(18)96428-7863,rmoreira@example.net,2004-08-06
Heloísa Leão,(62)95721-3476,leandrolima@example.com,2007-02-12
Luísa Machado,(98)91449-0391,noahrezende@example.org,1984-09-30
Gabriela Carvalho,(73)99561-6885,sabrina26@example.org,1989-11-12
Eduarda Dias,(67)90986-3756,novaissophia@example.net,1953-04-07
Liam Casa Grande,(21)94323-3116,teixeiraantonella@example.com,1973-03-12
Pedro Miguel Souza,(88)91990-9029,kevin31@example.org,1957-10-12
João Felipe Pereira,(19)91693-7148,ravida-conceicao@example.net,1946-12-26
Sr. Rhavi Carvalho,(46)98379-4475,psilva@example.com,1957-09-23
Rebeca Melo,(92)97856-6318,luancorreia@example.org,1947-05-28
Alice da Mata,(81)99558-3530,vcamara@example.net,1959-01-05
Benício Cavalcanti,(52)95112-4122,fpimenta@example.net,1967-04-27
Isadora Lima,(87)97121-0133,cvasconcelos@example.net,1995-04-01
Luara Gonçalves,(48)96089-6652,moreirahenrique@example.com,1976-04-20
Joaquim Moreira,(75)98125-9008,csousa@example.net,1971-07-28
Ana Julia Correia,(66)91331-1507,lunna64@example.com,1976-08-08
Otávio da Rocha,(25)98787-4085,salespietra@example.org,1976-10-03
Milena Borges,(94)97399-8961,cirinozoe@example.org,1971-12-16
Luna Machado,(38)95772-3010,cavalcantimaria@example.net,2006-03-23
Srta. Mirella Borges,(68)93066-7888,ayla21@example.org,1952-12-23
Sra. Maria Cecília Barros,(63)94549-0631,ysiqueira@example.net,1986-11-11
Marcos Vinicius Novaes,(69)95351-6659,xaparecida@example.org,2007-04-16
Sr. Enrico Casa Grande,(64)99792-6933,caualeao@example.com,1966-04-10
Sra. Laura Pires,(23)94194-9529,isaaccardoso@example.org,1945-06-13
Isis Albuquerque,(65)94194-6203,fmonteiro@example.net,2000-02-27
Thales da Costa,(96)93421-0729,maria-lauramarques@example.com,1975-04-12
André da Cruz,(58)92048-6849,oliver02@example.org,1948-12-15
Marcela Andrade,(98)96365-5158,beniciorios@example.net,2002-03-27
Letícia Farias,(19)91224-3983,aragaohenrique@example.com,1957-05-04
João Miguel Pimenta,(21)91251-3132,maria-alicesouza@example.net,1969-09-20
Caleb Vargas,(66)91296-0658,ayla56@example.org,1996-10-27
Ana Luiza da Rocha,(58)91746-3800,hcarvalho@example.net,2003-09-10
Lucas Moura,(82)90805-0510,nmoura@example.net,1959-06-08
Ana Laura Caldeira,(86)97537-4852,mendesalicia@example.com,1986-08-22
Dr. Vinicius Oliveira,(82)94424-4334,jose-pedro99@example.com,1980-07-29
Dra. Sara Monteiro,(96)91640-5605,ravi-luccasantos@example.com,1958-05-19
Dante Alves,(63)94745-9130,ypires@example.org,1995-05-24
Oliver Jesus,(96)95676-5623,fariasclara@example.net,2000-01-23
Hadassa Albuquerque,(17)93860-4965,alexiada-cunha@example.org,1966-02-25
Thiago Novaes,(87)94193-6181,anthony-gabriel15@example.com,1972-02-28
Dra. Ana Cavalcanti,(56)91390-5032,biancafernandes@example.net,1977-10-24
Ana Carolina Ramos,(84)96810-3759,maria-luisacassiano@example.net,1976-07-21
Lívia Martins,(38)92076-7532,dsouza@example.net,1965-07-31
Luara Novais,(95)96471-8365,costelabianca@example.com,1949-09-18
João Lucas Alves,(39)91452-4825,fernanda82@example.net,1986-06-05
Ester Peixoto,(55)97466-0688,vianaana-liz@example.net,2003-08-02
Sr. João Gabriel Jesus,(58)91541-9645,monteirorenan@example.com,1975-12-18
Henrique Moura,(46)97705-4398,luiz-fernando15@example.org,1998-02-20
Caleb Macedo,(39)95759-4492,mendesmelissa@example.org,1958-02-25
Dr. Vinicius das Neves,(82)98344-6356,joao-pedro18@example.net,1954-03-29
Arthur Miguel Marques,(89)99059-3840,hsilva@example.org,1945-06-28
Augusto Rodrigues,(93)97472-4345,fariasmaria-helena@example.org,1952-03-23
Luana Almeida,(14)98173-7913,otto53@example.org,1964-09-16
Vitor Dias,(95)99307-6127,hrios@example.com,1955-05-16
João Guilherme Camargo,(45)90388-6030,pintoolivia@example.org,1959-04-08
Marcela Novaes,(34)93667-7730,vitor-hugo24@example.net,1961-11-14
Brayan das Neves,(50)94561-0493,valentina70@example.org,1947-03-08
Ana Julia Caldeira,(55)90081-9505,faragao@example.com,1971-11-18
Pietro Pimenta,(34)91922-6889,ana-livia53@example.net,1996-10-26
Yasmin Barros,(83)98822-7303,inunes@example.org,2000-07-10
Sra. Aylla Marques,(62)90933-9597,maria-flor73@example.org,1954-12-28
Joana Fonseca,(29)99945-1183,scirino@example.net,1967-09-09
Dr. Ryan Alves,(92)90411-4726,melohenry-gabriel@example.com,1977-10-12
Eloá da Paz,(22)97120-0181,jose-miguel81@example.com,2000-11-04
Srta. Lunna Novais,(38)95049-1958,vieiraana-julia@example.net,1976-07-30
Maria Sophia da Costa,(64)96088-7307,agathacastro@example.com,1971-04-30
Luigi Costela,(54)92112-7115,bviana@example.net,1998-10-15
Sr. Erick Ribeiro,(58)94182-7259,sousamariah@example.org,1985-07-04
Nicole Duarte,(52)97618-1117,macedoluiz-gustavo@example.com,1972-10-28
Cauê Rodrigues,(87)91140-2740,fduarte@example.net,1990-02-18
Caleb Cunha,(17)92088-1581,alexandresa@example.org,1990-03-08
Rael Nascimento,(31)98292-4837,heloisa99@example.com,1958-07-11
Liam da Rosa,(17)99045-8549,luara51@example.net,1945-10-05
Sophia Guerra,(21)93652-1025,ana-beatrizaraujo@example.com,2006-07-12
Ana Júlia Abreu,(67)98884-3907,henry40@example.org,1974-08-03
Dra. Maria Júlia Pires,(65)96518-4410,giovanna66@example.com,1982-04-22
Erick Melo,(88)95933-0166,marcos-viniciusnovais@example.com,2002-08-07
Dr. Eduardo da Paz,(64)93666-3833,joao-felipealbuquerque@example.org,1989-05-01
Diego Silveira,(38)96876-5957,bribeiro@example.org,1950-12-21
Oliver Marques,(25)94632-8316,lpinto@example.com,1979-11-16
Milena Gomes,(66)91488-3373,rael26@example.net,1945-09-18
Sara Siqueira,(47)99102-8864,melissada-mata@example.com,1982-05-18
Maria Clara Andrade,(97)97960-9131,nunesmaria-sophia@example.net,1970-04-17
Rodrigo Sales,(73)97072-3898,casa-grandesara@example.com,1976-11-06
Anna Liz Moreira,(96)94139-5350,da-cruzmaria-julia@example.net,1995-09-06
Ana Vitória Rodrigues,(16)92959-7483,caue58@example.org,1977-02-11
Sophie Melo,(61)98044-0034,laura54@example.com,1956-08-10
Kevin Siqueira,(18)90103-1743,davi79@example.org,1984-03-11
João Vitor Sousa,(37)94045-5821,da-pazmaria-vitoria@example.org,1953-11-03
Ana Vitória Viana,(38)91841-9343,thiago29@example.com,1963-12-09
Anthony Gabriel Sousa,(43)93884-8936,pereiraluiz-fernando@example.net,1995-07-01
Pietro Freitas,(52)91610-4026,vicenteviana@example.net,1961-04-13
Emilly Moura,(11)96675-7928,fernandesenzo-gabriel@example.org,1985-09-26
Thales Sá,(66)92358-1357,yvargas@example.org,1990-03-02
Eloah Costela,(27)95103-0579,caue41@example.org,1956-08-12
Maria Liz Melo,(79)99444-5158,maria-laura83@example.com,1991-09-21
Sra. Olívia da Luz,(40)96714-4075,sofialopes@example.org,1964-11-10
Maria Helena Rocha,(82)98966-3907,sofia01@example.net,1988-08-02
Dr. João Gabriel Farias,(56)90967-3809,vitor14@example.net,1984-12-17
Nicole Vargas,(61)99959-5101,mathiasmoreira@example.com,1991-04-30
Srta. Luara Novaes,(16)95854-8403,rochaantony@example.org,1946-01-09
Beatriz Moura,(13)96170-7170,rodriguesmaite@example.com,1960-02-21
Sra. Isis Correia,(20)94201-8286,alvesfrancisco@example.org,1985-08-22
Helena Peixoto,(84)95761-7561,santosisaque@example.org,2003-06-28
Caroline Garcia,(84)95428-0720,henrysampaio@example.org,1962-06-13
Ravi Lucca Ribeiro,(92)95606-1934,portomaria@example.com,1997-07-25
Luna da Cunha,(48)91545-8308,diogoda-mota@example.org,1971-04-05
Lívia Araújo,(62)90279-9319,vinicius27@example.org,1978-09-02
Matteo Cavalcanti,(52)92306-8427,jcaldeira@example.net,1997-07-09
Helena Pimenta,(90)96175-3160,macedovalentim@example.org,1947-08-01
Brayan Oliveira,(99)94856-7046,maite07@example.org,1989-08-21
Agatha Andrade,(22)95861-4462,jda-mata@example.net,1967-08-27
Agatha Moraes,(24)93265-7384,bmendes@example.com,2002-08-24
Srta. Ágatha Câmara,(66)97903-6966,gomesmaria-luisa@example.org,1983-10-23
Maria Alice Farias,(62)97032-5062,isadora01@example.com,1981-08-04
Sr. Raul Teixeira,(21)95311-8906,nathan28@example.org,1971-05-09
Esther da Rosa,(50)94556-8701,ocaldeira@example.net,1969-08-28
Antonella Pires,(39)94470-3713,msousa@example.org,1947-08-22
Apollo Silveira,(32)91025-1466,marianagomes@example.org,1999-02-26
Lorena Monteiro,(76)98498-9976,calmeida@example.com,1949-01-09
Sr. Nathan Campos,(25)97121-6573,rebecamarques@example.net,2004-06-04
Clarice Sousa,(76)92602-5314,diegoandrade@example.net,1954-11-05
Allana Melo,(55)94712-3808,da-cruzjose-pedro@example.org,1956-12-06
Ana Julia das Neves,(93)91982-2594,marquesluigi@example.net,1949-07-24
Danilo Monteiro,(41)91379-8190,davi-lucascosta@example.com,1968-03-01
Dra. Maria Liz Duarte,(29)93435-5473,rodrigueszoe@example.org,1967-02-04
Augusto Pastor,(36)92328-6644,brunaazevedo@example.org,1963-11-06
Oliver Cavalcante,(88)92051-7835,lucas73@example.net,1947-12-24
Carlos Eduardo Vieira,(94)91011-3745,kvasconcelos@example.org,2005-01-25
Anna Liz Abreu,(33)98428-1857,cavalcantifelipe@example.net,1989-07-24
Larissa Leão,(74)96227-0726,isales@example.org,1954-12-12
Júlia Moreira,(83)97777-4890,pjesus@example.org,1986-10-04
Srta. Emilly Silva,(68)99142-0187,fpimenta@example.net,2001-06-14
Luiz Fernando Leão,(83)98630-0902,novaisravy@example.org,1953-03-16
Aylla Pinto,(92)98382-1894,valentina83@example.com,1997-08-18
Giovanna da Mota,(52)98418-3695,correiahenry-gabriel@example.org,1991-11-03
Sara Cavalcanti,(51)92026-1159,caioaragao@example.net,1969-12-29
Gustavo Henrique Lopes,(67)90916-5226,bruna97@example.org,1952-04-25
Srta. Zoe Cavalcanti,(71)95935-2161,benjaminmendonca@example.net,1953-02-08
Isaac Silveira,(91)94064-3870,lpastor@example.com,1973-09-22
Luan da Conceição,(46)97937-9016,duarterafael@example.org,1961-05-06
Sra. Gabriela Garcia,(18)94723-6885,diogomelo@example.net,1978-03-05
Pedro Henrique Casa Grande,(75)90995-7701,mariacavalcanti@example.com,1970-08-17
Raul Silveira,(50)96197-4027,elisada-mata@example.org,1968-01-25
Arthur Gabriel Sales,(68)90504-7559,da-motajoao-gabriel@example.org,2003-03-01
Natália Leão,(18)94949-1122,carolinecamara@example.com,1986-04-15
Enzo Gabriel Oliveira,(47)91029-8660,erickjesus@example.net,1978-07-02
Renan Martins,(93)91211-9391,arthur63@example.org,1967-06-25
Hellena Pastor,(89)97973-6043,anthonyleao@example.org,1947-12-08
Sofia Andrade,(75)95160-4364,zmoura@example.com,2000-04-23
Srta. Milena Monteiro,(70)97789-0494,enzonovais@example.org,1992-05-18
Sra. Helena Cardoso,(81)99917-6303,ana-carolina31@example.org,1977-11-10
Lorena Castro,(16)96036-2235,voliveira@example.net,1946-11-14
Nicole Vargas,(84)98748-8142,jadecirino@example.com,1987-11-12
Agatha Pires,(35)94315-4591,gomesbrenda@example.net,1947-06-09
Paulo Sá,(88)96383-7847,vitoria93@example.net,1950-09-20
Lívia Sousa,(75)92024-8230,moraesemanuella@example.org,1952-10-05
Maria Clara Martins,(18)96046-8188,fonsecaemanuelly@example.org,1989-04-26
Ana Lívia Novais,(24)94609-5437,joao-guilhermefarias@example.org,1981-12-06
Rhavi Sousa,(21)96771-9420,raelduarte@example.com,2006-04-25
Theodoro Rodrigues,(93)92316-0465,dda-mota@example.org,1970-07-31
Dr. Ryan Montenegro,(16)93325-1599,melosophia@example.net,2001-05-17
Lavínia Machado,(67)95897-8194,davi-lucca37@example.org,1950-08-31
Emanuelly da Paz,(78)97016-2053,caldeiralucas@example.com,1952-10-31
Srta. Sara Cassiano,(89)92130-6555,raquelpires@example.org,1965-02-27
Ágatha Cardoso,(57)95004-3345,aferreira@example.com,1995-05-30
Alícia da Rocha,(47)95199-8170,davi-lucasalmeida@example.org,2002-01-10
Lívia Jesus,(63)94541-4869,beatriz79@example.net,1992-08-18
Melina Marques,(97)98024-6882,joao42@example.com,1960-08-22
Maria Fernanda da Paz,(17)98467-6162,casa-grandeclarice@example.com,1976-03-27
Enrico Silva,(93)94491-5875,luiz-otavio22@example.org,1961-05-26
Asafe Dias,(19)94425-0344,lunnada-luz@example.com,1957-10-06
Arthur Gabriel Rios,(23)97488-8554,catarina25@example.com,1981-12-12
Vitor da Rosa,(97)95188-3769,alvesjade@example.com,1997-07-04
Raul Dias,(47)93382-2301,anthonysousa@example.net,1979-09-27
Dr. Renan da Rocha,(95)98089-3133,luisafernandes@example.net,1952-11-07
Sra. Ana Cecília Carvalho,(30)94474-3095,das-nevesbenicio@example.com,1987-03-26
Pietro Fogaça,(21)97821-3973,duartedaniel@example.net,1988-11-06
Vinicius Câmara,(95)91898-2195,matteo01@example.net,2003-01-06
Aurora Moraes,(55)94163-8598,fcorreia@example.com,1986-04-03
Sophia Araújo,(94)99374-8393,isabella26@example.com,1971-06-26
Sr. João Miguel Ferreira,(95)95260-7710,ana-liz78@example.org,1959-11-21
Sra. Maria Vitória Macedo,(27)97986-5081,luan66@example.org,2002-01-24
Aurora Casa Grande,(21)94155-1377,ana-juliamelo@example.net,1968-01-13
Marcos Vinicius Borges,(82)95055-7040,jesusyago@example.com,1957-02-09
Nicole Santos,(93)94408-7376,murilocirino@example.com,1964-11-27
Rebeca Aparecida,(27)98994-1500,ana-julia78@example.net,1976-09-30
Apollo Vieira,(98)97065-1318,cassianovinicius@example.com,1988-10-19
Olivia Campos,(22)98670-7983,lara27@example.net,1989-02-01
Arthur Campos,(96)95682-8640,marina19@example.net,1969-10-29
Rafaela Nunes,(76)94856-3745,oda-luz@example.net,1977-08-09
Srta. Maria Fernanda Moraes,(13)94866-7035,da-luzluan@example.net,1949-03-11
Liam Martins,(50)92419-4479,eduardacastro@example.org,1963-10-07
Dr. Luiz Henrique Aragão,(38)94586-6538,ana81@example.net,1958-05-26
Emilly Teixeira,(73)92577-0506,peixotolucas-gabriel@example.net,1967-03-01
Dr. João Gabriel Rodrigues,(39)91846-3709,gael89@example.com,2001-03-27
Anthony Gabriel Carvalho,(30)91035-6922,esther76@example.com,2007-11-17
Cauã Cunha,(48)91357-4883,milenacamara@example.org,1999-04-26
Valentina Nascimento,(75)97244-6804,leaomaria-clara@example.org,1953-02-21
Antony Mendes,(78)90506-6382,ana-livia52@example.com,2005-10-03
Stephany Teixeira,(95)94519-9748,luiz-felipe40@example.net,2000-08-22
Henry Cardoso,(90)91758-9104,rafaeldas-neves@example.org,1959-06-28
Bruno Lima,(87)95056-2485,barbosaarthur-miguel@example.com,1996-09-29
Ana Cecília Costa,(30)92177-6452,andradeolivia@example.net,1949-03-30
Bárbara da Cunha,(34)99299-2167,azevedoana-julia@example.net,1945-11-28
Davi Pereira,(90)92221-8290,murilocirino@example.net,1969-02-17
Caleb Casa Grande,(67)90586-4298,cecilia52@example.net,1998-05-05
Dra. Isabella Montenegro,(63)94889-5439,britoarthur@example.net,1959-12-23
Srta. Larissa Cavalcante,(97)99658-1154,silveiragael-henrique@example.org,2007-11-06
Olívia Fonseca,(41)95961-9341,lunnarocha@example.org,1957-07-08
Dr. Otávio Cunha,(89)93824-2379,joanacamargo@example.com,1953-08-15
Brenda Moreira,(68)93140-7343,mayateixeira@example.com,1993-03-02
Asafe Barros,(79)93210-0652,marina16@example.com,1976-04-21
Luana Rodrigues,(50)96295-0208,jcamara@example.com,1964-12-25
Esther Azevedo,(35)94937-0777,xrocha@example.org,1946-01-29
Rebeca Rocha,(97)97656-0394,goncalvesluna@example.net,1990-01-09
Antonella Campos,(67)96196-5637,isabelaguerra@example.net,1985-05-25
Enzo Gabriel Azevedo,(47)95125-4050,miguel53@example.net,2002-08-24
Camila da Conceição,(75)97079-4454,fsilveira@example.com,1997-04-03
Dra. Júlia Sá,(64)92175-1079,efogaca@example.net,1986-04-03
Raquel Moraes,(36)98115-6554,juan71@example.org,1962-04-08
Sara da Conceição,(28)93355-4863,bentobrito@example.net,1948-10-21
Theo Rocha,(17)98605-7593,cavalcantigiovanna@example.net,1991-06-06
Sr. Kevin Pinto,(72)94982-3245,teixeiraeduardo@example.net,1996-05-10
Sabrina Vieira,(81)91376-9360,scosta@example.net,1979-02-03
Sofia da Luz,(77)91673-3967,valentina80@example.org,1974-07-01
Matheus Machado,(47)91125-7528,fernanda77@example.org,1947-06-12
Kevin Santos,(31)93661-3428,marianelopes@example.org,1966-06-22
Sra. Raquel Teixeira,(68)96890-1038,nunesmariane@example.net,1982-11-23
Ágatha Oliveira,(29)95871-6573,jmelo@example.org,1979-09-09
Matteo da Luz,(22)92980-1436,ypastor@example.net,1991-03-31
Dr. Lorenzo Araújo,(68)94692-0514,pastorcaleb@example.org,2002-03-01
Dr. Apollo Teixeira,(14)95568-6520,gabrielly16@example.com,1969-07-12
Marcela Araújo,(17)95321-1150,thalesda-costa@example.net,1966-06-13
Antonella Sales,(75)95019-2261,das-nevesian@example.com,1956-10-05
Vitor Gabriel Duarte,(41)95183-0338,marqueslavinia@example.net,1980-03-28
Juliana Almeida,(21)95031-9927,bpastor@example.com,1970-11-30
Maria Julia Duarte,(39)90378-3268,mendoncaguilherme@example.net,1991-02-24
Lucca Monteiro,(51)91329-8711,lucas-gabriel94@example.com,1974-11-17
Theo Porto,(94)94500-1909,nascimentopaulo@example.com,1963-04-03
Kaique Oliveira,(29)91846-8304,ncamara@example.net,1951-06-20
Dra. Aylla Pastor,(15)93850-4300,yago19@example.net,1977-07-20